-- DATABASE IMDB-- 

CREATE DATABASE DATABASE_IMDB;
USE DATABASE_IMDB;

-- TABLE MOVIE-- 

CREATE TABLE MOVIE (
  MOVIE_ID int NOT NULL ,
  MOVIE_NAME varchar(250) NOT NULL,
  MEDIA_FORMAT varchar(250) NOT NULL,
  GENRE_ID VARCHAR(10) NOT NULL,
  DIRECTOR varchar(250) NOT NULL,
  PRIMARY KEY (MOVIE_ID),
  FOREIGN KEY (GENRE_ID) REFERENCES GENRE (GENRE_ID)
) CHARSET=utf8mb4;

INSERT INTO MOVIE (MOVIE_ID,MOVIE_NAME,MEDIA_FORMAT,GENRE_ID, DIRECTOR) VALUES
(1,'NARAN','MP4','G1','JOSHY'),       
(2,'LUCIFER','MP4','G2','PRITHVIRAJ');   

SELECT * FROM MOVIE;
-- DROP TABLE MOVIE

-- TABLE GENRE-- 

CREATE TABLE GENRE (
  GENRE_ID VARCHAR(10) NOT NULL,
  TITLE VARCHAR(50) NOT NULL,
  DISCRIPTION VARCHAR(500) NOT NULL,
  PRIMARY KEY (GENRE_ID)
) CHARSET=utf8mb4;

INSERT INTO GENRE( GENRE_ID,TITLE,DISCRIPTION) VALUES
('G1','Action,Thriller','Action, Thriller andAction/Thriller'),
('G2','Action, Crime, Drama','Action, Crime, Drama'),
('G3','Crime, Drama','Crime, Drama'),
('G4','Animation','Animation'),
('G5','Comedy','Comedy'),
('G6','Historical','Historical'),
('G7','Science fiction','Science fiction');

SELECT * FROM GENRE;
-- DROP TABLE GENRE;

-- TABLE REVIEW-- 


CREATE TABLE REVIEW (
  REVIEW_ID VARCHAR(10) NOT NULL,
  REVIEW VARCHAR(50) NOT NULL,
  MOVIE_ID int NOT NULL,
  USER_ID  VARCHAR(10) NOT NULL,
  PRIMARY KEY (REVIEW_ID),
  FOREIGN KEY (MOVIE_ID) REFERENCES MOVIE (MOVIE_ID),
  FOREIGN KEY (USER_ID) REFERENCES USERS (USER_ID)
) CHARSET=utf8mb4;

INSERT INTO REVIEW ( REVIEW_ID,REVIEW,MOVIE_ID,USER_ID) VALUES
('R1','NOT GOOD','1','U1'),        
('R2','OKEY','2','U2'),
('R3','GOOD','1','U3'),
('R4','EXCELENT','2','U4');

-- TABLE USERS-- 

CREATE TABLE USERS (
  USER_ID VARCHAR(10) NOT NULL,
  USER_NAME VARCHAR(50) NOT NULL,
  PH_NO VARCHAR(10) NOT NULL,
  ADDRESS  VARCHAR(100) NOT NULL,
  PRIMARY KEY (USER_ID)
) CHARSET=utf8mb4;

INSERT INTO USERS (USER_ID,USER_NAME ,PH_NO,ADDRESS ) VALUES
('U1','NANDHU','98456','TVM,KERALA'),        
('U2','ANU','58264','CHENNAI,TAMILNADU'),
('U3','SANU','8526','BANGALORE,KARNATAKA'),
('U4','VYSAKH','6238','DELHI,NEWDELHI');

-- TABLE ARTISTS-- 

CREATE TABLE ARTISTS (
  ARTIST_ID VARCHAR(10) NOT NULL,
  ARTIST_NAME VARCHAR(50) NOT NULL,
  SKILL_ID VARCHAR(10) NOT NULL,
  ROLL_ID VARCHAR(10) NOT NULL,
  PRIMARY KEY (ARTIST_ID),
  FOREIGN KEY (SKILL_ID) REFERENCES SKILLS (SKILL_ID),
  FOREIGN KEY (ROLL_ID) REFERENCES ROLLS (ROLL_ID)
) CHARSET=utf8mb4;

INSERT INTO ARTISTS ( ARTIST_ID ,ARTIST_NAME , SKILL_ID , ROLL_ID  ) VALUES
('A1','MOHANLAL','S1','R2'),        
('A2','MAMMOTTY','S3','R4'),
('A3','PRITVIRAJ','S2','R1'),
('A4','AISWARYA LAKSHMI','S1','R4');

-- TABLE ROLLS-- 

CREATE TABLE ROLLS (
  ROLL_ID VARCHAR(10) NOT NULL,
  ROLL VARCHAR(50) NOT NULL,
  DISCRIPTION VARCHAR(500) NOT NULL,
  PRIMARY KEY ( ROLL_ID)
) CHARSET=utf8mb4;

INSERT INTO ROLLS  (  ROLL_ID ,ROLL,DISCRIPTION) VALUES
('R1','TECHNICAL','TECHNICAL'),        
('R2','EDITORIAL','EDITORIAL'),
('R3','ADMINISTRATIVE','ADMINISTRATIVE'),
('R4','ACTING','ACTING');

-- TABLE SKILLS-- 

CREATE TABLE SKILLS (
  SKILL_ID VARCHAR(10) NOT NULL,
  SKILL VARCHAR(50) NOT NULL,
  DISCRIPTION VARCHAR(500) NOT NULL,
  PRIMARY KEY (SKILL_ID)
) CHARSET=utf8mb4;

INSERT INTO SKILLS (  SKILL_ID ,SKILL,DISCRIPTION) VALUES
('S1','DIRECTION','DIRECTION'),        
('S2','WRITING','WRITING'),
('S3','COMEDY','COMEDY'),
('S4','ACTING','ACTING');

-- TABLES-- 

SELECT * FROM MOVIE;
SELECT * FROM GENRE;
SELECT * FROM REVIEW;
SELECT * FROM USERS;
SELECT * FROM ARTISTS;
SELECT * FROM ROLLS;
SELECT * FROM SKILLS;